,Metric,Train,Test
0,R-Square,0.9998793610292938,0.9866897055323356
1,RMSE,6.341394874047577,93.79914741600922
2,MAPE,0.010909244126843493,0.060584798915567485
