,Metric,Train,Test
0,R-Square,0.9976070628320993,0.9976943555300355
1,RMSE,28.24272734290729,39.039228733725096
2,MAPE,0.07472880703421221,0.09303099301939032
