,Metric,Train,Test
0,R-Square,0.9998886924188398,0.9891467132518565
1,RMSE,6.09120699543135,84.70044612109851
2,MAPE,0.009514316811711547,0.08789652098940806
