,Metric,Train,Test
0,R-Square,0.9998574599524442,0.9889585192037552
1,RMSE,6.893018361176646,85.431635352881
2,MAPE,0.011358748689033108,0.08600350169257205
