,Metric,Train,Test
0,R-Square,0.9983270413202976,0.9985894904239025
1,RMSE,23.614763086541778,30.534659299431695
2,MAPE,0.054830357815797225,0.07356330004167753
