,Metric,Train,Test
0,R-Square,0.9979223973832051,0.998154434994541
1,RMSE,26.316142383206927,34.92767943652399
2,MAPE,0.07222525703879291,0.08249381962586223
